Truong Dien - Dien Tu,2,Khoa Dien Tu,3,Nhom Vien Thong,3,Pham Hoang Lan,1001,lan@gmail.com,1,Pham Hoang Linh,1002,lainhdt@gmail.com,3,Nguyen Thi Anh,1003,anhdt@gmail.com,2,Nhom Dien Tu,4,Pham Hoang Lam,1011,lam1@gmail.com,5,Nguyen Thi Huong,1012,huongdt@gmail.com,1,Nguyen Thi Anh Huong,1013,anhhdt@gmail.com,0,Nguyen Van Lam,1014,lam11@gmail.com,1,Nhom Y Sinh,5,Nguyen Nhat Tam,1031,tam@gmail.com,1,Dang Huu Dong,1032,dong@gmail.com,0,Nguyen Thi Trang,1033,ttrang@gmail.com,4,Luong Huyen Trang,1034,htrang@gmail.com,2,Truong Duy Nam,1035,namds@gmail.com,1,Khoa Dien - TDH,2,Nhom dien,3,Pham Ngoc Linh,1101,linh@gmail.com,2,Dang Phuong Mai,1102,mai@gmail.com,1,Nguyen Truc Mai,1103,tmai@gmail.com,3,Nhom TDH,4,Nguyen Quynh Huong,1111,quhng@gmail.com,3,Pham Hong Tu,1112,htu@gmail.com,1,Nguyen Thao Trang,1113,trang@gmail.com,1,Pham Nhat Nam,1114,nnam@gmail.com,2,
Truong CNTT - TT,2,Khoa CNTT,3,Nhom KT May Tinh,4,Vo Khanh Bao,2001,bao@gmail.com,0,Luong Huu Dang,2002,dang@gmail.com,1,Nguyen Phuong Thuy,2003,thuytt@gmail.com,3,Luong Gia Huy,2004,ghuy@gmail.com,1,Nhom KH May Tinh,8,Truong Nam Thanh,2021,thanhhh@gmail.com,2,Hoang Ngoc Thanh,2022,thanhhn@gmail.com,1,Duong Vu Ha,2023,hadv@gmail.com,0,Tran Thanh Tam,2024,tamtt@gmail.com,1,Tong Cam Tu,2025,tutc@gmail.com,1,Le Bao Lam,2026,lamld@gmail.com,3,Vu Tuan Vu,2027,vutv@gmail.com,1,Truong Phi Long,2028,longtp@gmail.com,4,Nhom AI,3,Huynh Van Thuan,2011,thuan@gmai.com,2,Hoang Van Phuong,2012,phuongff@gmai.com,3,Nguyen Huu Da,2013,dagg@gmail.com,3,Khoa Toan Tin,2,Nhom HTTT,7,Nguyen Anh Quang,2011,quang@gmail.com,3,Nguyen Huy Quang,2012,hquang@gmail.com,0,Nguyen Nhat Quang,2013,nhquang@gmail.com,2,Nguyen Huu Quang,2014,huuquang@gmail.com,1,Nguyen Anh Dung,2015,dung@gmail.com,2,Nguyen Anh Minh,2016,minh@gmail.com,0,Nguyen Anh Giang,2017,aGiang@gmail.com,4,Nhom Toan Tin,5,Nguyen Phuong Dong,2021,pdong@gmai.com,1,Nguyen Phuong Ngoc,2022,pngoc@gmai.com,2,Nguyen Phuong Tu,2023,ptu@gmai.com,3,Nguyen Phuong Hong,2024,hong@gmai.com,0,Nguyen Anh Dong,2025,adong@gmai.com,0,
Truong Co Khi,2,Khoa Co Dien Tu,4,Nhom Co Dien Tu,3,Nguyen Bao Phuoc,3001,phuoc@gmail.com,2,Nguyen Quynh Anh,3002,qanh@gmail.com,1,Pham Bao Han,3003,han@gmail.com,4,Nhom Co hoc vat lieu,3,Truong Van Huy,3011,trhuy@gmail.com,1,Duong Thi Hue,3012,hue@gmail.com,2,Nguyen Phuong Nam,3013,namnt@gmail.com,3,Nhom Co Hoc Ung Dung,4,Nguyen Ngoc Trinh,3021,trinh@gmail.com,1,Duong Thi Cuc,3022,cucnt@gmail.com,3,Le Thanh Truc,3023,truclt@gmail.com,1,Le Trung Kien,3024,kien@gmail.com,1,Nhom Thiet Ke Robot,2,Truong Nam Thanh,3031,thanh@gmail.com,3,Pham The Anh,3032,tanh@gmail.com,4,Khoa Co Khi Che Tao May,1,Nhom Gia Cong Ap Luc,3,Nguyen Gia Khanh,3011,khanh@gmail.com,2,Le Van Khai,3012,khai@gmail.com,1,Truong Van Hiep,3013,hieptv@gmail.com,3,
Truong Det May - Da Giay,2,Khoa Det May,2,Nhom May Mac,4,Vo Huynh Bao,3001,bao@gmail.com,0,Luu Huu Dang,3002,dang@gmail.com,1,Nguyen Thi Thuy,3003,thuytt@gmail.com,3,Vu Gia Huy,3004,ghuy@gmail.com,1,Nhom AI,3,Huynh Ngoc Thuan,3011,thuan@gmai.com,2,Hoang Thi Phuong,3012,phuongff@gmai.com,3,Nguyen Huu Duc,3013,ducg@gmail.com,3,Khoa Da Giay,2,Nhom Vat lieu,7,Nguyen Anh Quang,3011,quang@gmail.com,3,Nguyen Huy Quang,3012,hquang@gmail.com,0,Nguyen Nhat Quang,3013,nhquang@gmail.com,2,Nguyen Huu Quang,3014,huuquang@gmail.com,1,Nguyen Anh Dung,3015,dung@gmail.com,2,Nguyen Anh Minh,3016,minh@gmail.com,0,Nguyen Anh Giang,3017,aGiang@gmail.com,4,Nhom Thoi Trang,5,Nguyen Phuong Dong,3021,pdong@gmai.com,1,Nguyen Phuong Ngoc,3022,pngoc@gmai.com,2,Nguyen Phuong Tu,3023,ptu@gmai.com,3,Nguyen Phuong Hong,3024,hong@gmai.com,0,Nguyen Anh Dong,3025,adong@gmai.com,0,




